Neighbourhood,Zip_Code
Allston,2134
Back Bay,"02116, 02117, 02199"
Beacon Hill,2108
Brighton,2135
Charlestown,2129
Chinatown,2111
Dorchester,"02121, 02122, 02124, 02125"
Downtown Boston,"02109, 02110"
East Boston,2128
Fenway/Kenmore,"02215, 02115"
Hyde Park,2136
Jamaica Plain,2130
Mattapan,2126
Mission Hill,2120
North End,2113
Roslindale,2131
Roxbury,2119
Seaport District,2210
South Boston (Southie),"02127, 02210"
South End,2118
West End,2114
West Roxbury,2132
Cambridge,"02138, 02139, 02140, 02141, 02142"
Somerville,"02143, 02144, 02145"
Brookline,"02445, 02446"
Quincy,"02169, 02170, 02171"
Medford,2155
Watertown,2472
Newton,"02458, 02459, 02460, 02461, 02462, 02464, 02465, 02466, 02467, 02468"
Malden,2148
Everett,2149
Arlington,"02474, 02476"
Chelsea,2150
Revere,2151
Milton,2186
Belmont,2478
Waltham,"02451, 02452, 02453"
Woburn,1801
Lexington,"02420, 02421"
Winthrop,2152
Melrose,2176
Needham,"02492, 02494"